INSERT INTO department (departmentname, startdate) VALUES ('Administration','2022-09-14'), ('Marketing','2021-03-12'), ('Purchasing','2020-07-12'), ('Human Resources','2022-04-22'), ('Shipping','2022-06-10'), ('IT','2022-09-28'), ('Public Relations','2021-11-29'), ('Sales','2021-12-17'), ('Executive','2021-01-08'), ('Finance','2022-04-02'), ('Accounting','2022-09-10');

INSERT INTO departmentlocation (location, dept_id) VALUES ('Peresvet',6), ('Sarre',2), ('Bedok',7), ('Daejeon',9), ('College',6), ('Goes',2), ('Saintes',5), ('Overland Park',3), ('Onze-Lieve-Vrouw-Lombeek',7), ('Kasur',7), ('Sasolburg',7), ('Tijuana',7), ('Ravenstein',7), ('Sokoto',9), ('Palmerston',10), ('Pamplona',3), ('Jecheon',9), ('Rezzoaglio',7), ('Manila',11), ('Broechem',8), ('Welkom',5), ('Galway',3), ('Şanlıurfa',4), ('Milford Haven',10), ('Abeokuta',2), ('Rockhampton',3), ('Orkanger',3), ('Chapecó',5), ('Schwaz',1), ('Guarulhos',6);


INSERT INTO employee (employee_id, dateofbirth, firstname, gender,lastname, middlename, salary, dept_id) VALUES ('1','2000-03-07','Marshall','Female','Macon','Bert',1110,9), ('2','2006-08-25','Clayton','Female','Acton','Merrill',905,2), ('3','2000-09-09','Conway','Female','Myles','Remedios',2166,9), ('4','2005-04-04','Haley','Male','Bernard','Jermaine',1662,5), ('5','1994-03-02','Bennett','Female','Chancellor','Stacy',882,3), ('6','1992-05-26','Garrett','Male','Ryan','Nicholas',1891,3), ('7','1993-04-27','Patel','Male','Porter','Walter',1914,5), ('8','2004-03-08','Kemp','Female','Lysandra','Kadeem',2023,10), ('9','2005-11-25','Paul','Female','Ann','Maris',1204,7), ('10','1981-12-23','Green','Male','Brett','Basia',2015,5), ('11','1988-11-02','Kirby','Male','Jacqueline','Elton',2124,8), ('12','1994-12-15','Walters','Male','Sage','Yasir',1049,5), ('13','2006-03-20','Burton','Male','Flavia','Teagan',2079,9), ('14','1996-02-28','Mathews','Male','Norman','Bert',2339,1), ('15','2009-06-07','Rice','Female','Isabella','Aquila',2244,3), ('16','2009-12-25','Navarro','Male','Kane','Hollee',1668,4), ('17','1993-09-22','Bryan','Female','Quail','September',2387,6), ('18','1981-03-03','Nguyen','Male','Wade','Camden',2006,3), ('19','1998-01-07','Clark','Female','Walter','Sara',1484,3), ('20','2006-12-20','Peterson','Female','Palmer','Daria',1788,9), ('21','2010-11-07','Brewer','Male','Cheryl','Mariko',943,6), ('22','1994-07-17','Christensen','Female','Solomon','Bruce',1815,5), ('23','1981-10-05','Morin','Male','Gary','Levi',2176,10), ('24','1994-04-01','Mcpherson','Male','Dane','Dale',2304,4), ('25','1982-10-29','Mcdaniel','Female','Matthew','Imelda',1585,5), ('26','1999-12-21','Joyner','Male','Fredericka','Oprah',1253,10), ('27','1992-12-05','Burgess','Male','Stewart','Abel',1688,11), ('28','2004-04-03','Harvey','Female','Len','Plato',1208,10), ('29','2001-03-07','Langley','Female','Demetrius','Timon',2398,6), ('30','2009-09-20','Jordan','Female','Evan','Jaime',2332,10);

INSERT INTO relatives (id, fullname, gender, phonenumber, relationship, employee_id) VALUES (1,'Keane Whitehead',0,'0939178722','Sister','1'), (2,'Colton Donaldson',0,'0941066687','Uncle','2'), (3,'Sylvester Norman',1,'0965795159','Sister','3'), (4,'Brendan Mcclure',0,'0935943333','Father','4'), (5,'Adrian Wright',0,'0940856166','Aunt','5'), (6,'Caleb Curtis',1,'0976145625','Father','6'), (7,'Callum Morin',0,'0953277242','Father','7'), (8,'Elijah Murphy',0,'0983350898','Cousin','8'), (9,'Dean Petersen',1,'0910039747','Aunt','9'), (10,'Axel Leon',1,'0945752491','Cousin','10'), (11,'Lucian Langley',0,'0920268694','Father','11'), (12,'Graiden Bennett',0,'0977344981','Sister','12'), (13,'Mark Parrish',0,'0925026211','Father','13'), (14,'Rigel Thompson',0,'0936188862','Uncle','14'), (15,'Norman Woods',1,'0965891463','Cousin','15'), (16,'Xander Compton',1,'0984286627','Cousin','16'), (17,'Myles Richard',1,'0996872712','Brother','17'), (18,'Dane Welch',1,'0906368555','Mother','18'), (19,'Kirk Harrison',1,'0954751282','Brother','19'), (20,'Lev Huffman',0,'0935612160','Sister','20'), (21,'Jason Acosta',1,'0976223912','Brother','21'), (22,'James Baker',0,'0941881124','Cousin','22'), (23,'Gage Lindsey',1,'0966349005','Aunt','23'), (24,'Jasper Copeland',0,'0918851368','Cousin','24'), (25,'Zahir Bernard',0,'0976013625','Brother','25'), (26,'Kevin Hart',0,'0901723736','Mother','26'), (27,'Oleg Calhoun',1,'0923721154','Uncle','27'), (28,'Gil Bird',0,'0948967617','Brother','28'), (29,'Kane Bright',0,'0923833598','Aunt','29'), (30,'Jesse Morales',1,'0980591112','Father','30');

INSERT INTO project (area, projectname, managed_department) VALUES ('Annapolis County','Proair HFA',3), ('Poltava','TriNessa',10), ('Paulista','Venlafaxine HCl ER',3), ('Canberra','Metformin HCl',4), ('Piracicaba','Metoprolol Succinate',11), ('Ludvika','Furosemide',2), ('Straits View','Alendronate Sodium',5), ('Delhi','Metoprolol Succinate',11), ('Đồng Hới','Folic Acid',2), ('Sluis','Tamsulosin HCl',9), ('Stargard Szczeciński','Alprazolam',6), ('Puno','APAP/Codeine',9), ('Finspång','Tamsulosin HCl',8), ('Trà Vinh','Ibuprofen (Rx)',11), ('Melitopol','Furosemide',2), ('Qinghai','Lantus',7), ('Modakeke','Ibuprofen (Rx)',4), ('Chervonohrad','Suboxone',5), ('Tver','TriNessa',10), ('Tyumen','Clonazepam',4), ('Sokoto','Klor-Con M20',9), ('Beauvais','Atenolol',1), ('Pekanbaru','Proair HFA',5), ('Vienna','Paroxetine HCl',2), ('St. Andrä','Venlafaxine HCl ER',9), ('Melilla','Nuvaring',3), ('Erie','Namenda',8), ('Cheongju','Tricor',6), ('Simpang','Sulfamethoxazole/Trimethoprim',2), ('Khmilnyk','Amitriptyline HCl',8);

  insert into assignment (numberofhour, employee_empid, project_projectid) values (80,'1',1), (90,'2',2), (80,'3',3), (100,'4',4), (100,'5',5), (300,'6',6), (120,'7',7), (450,'8',8), (734,'9',9), (222,'10',10), (1000,'11',11), (230,'12',12), (550,'13',13), (90,'14',14), (40,'15',15), (70,'16',16), (120,'17',17), (150,'18',18), (170,'19',19), (89,'20',20), (140,'21',21), (230,'22',22), (260,'23',23), (40,'24',24), (310,'25',25), (160,'26',26), (170,'27',27), (200,'28',28), (210,'29',29), (750,'30',30), (430,'28',30), (220,'23',1), (330,'24',2), (360,'18',3), (370,'5',4), (240,'4',5), (210,'8',6), (200,'7',7), (300,'11',8), (320,'30',9), (380,'22',10), (100,'15',11), (420,'4',12);